id,first_name,last_name,city
1,Sherwood,Rosle,Marjayoûn
2,Ferrell,Lukacs,Guanghai
3,Modesta,Duffield,Segoro
4,Arie,Bilovsky,Lubao
5,Ellis,Bredes,Suifenhe
6,Winfield,Tomadoni,Jishan
7,Dew,Cheeld,Cipolletti
8,Jaine,MacMickan,Leteki
9,Laurette,Jedrzejczyk,Kochani
10,Connie,Doswell,Tashanta
11,Kenna,Munkley,Eskilstuna
12,Nancie,Deakins,Vale
13,Afton,Ferris,Itararé
14,Kalli,Norkutt,Megion
15,Giulietta,Ottiwill,Taihe
16,Sada,Phalip,Novotitarovskaya
17,Elise,Baglin,New Leyte
18,Sutton,Dowyer,Shijiao
19,Helenelizabeth,Barnwall,Punta Cana
20,Tabbitha,Flounders,Camangcamang
21,Daniele,Hubball,Raposos
22,Shelden,Dundendale,Ilinden
23,Bryna,Capener,San Carlos
24,Robina,McCurlye,Đống Đa
25,Trent,Killner,Pampierstad
26,Layney,Treswell,Olofström
27,Dario,Jagiello,Salcedo
28,Frederique,Sissot,Barishāl
29,Dasie,McCudden,Mujiangping
30,Aggy,Le Grys,Dimovo
31,Myrilla,Cardenas,Sabang
32,Ange,Largan,Kraaifontein
33,Georges,Razzell,Tsementnozavodskiy
34,Giana,Alldritt,North Cowichan
35,Sidney,Lipscomb,Teupasenti
36,Byron,Skelhorn,Dalian
37,Rhianon,Cacacie,Vista Hermosa
38,Coral,Rentilll,Oliveirinha
39,Isis,Chinnock,Xiangfu
40,Mark,Vankeev,Serzedelo
41,Eunice,Boal,Shatura
42,Hermia,Franzini,Pueblo Nuevo
43,Nancie,Rosenwasser,Lorino
44,Tobit,Hoble,Luwu
45,Abeu,Gogay,Rancho Nuevo
46,Colby,Beche,Pagaruša
47,Gerti,Dooman,Lensk
48,Rodi,Popeley,Igrejinha
49,Rhonda,Beltzner,Colonia Wanda
50,Isahella,Marke,Nianyushan
51,Kylen,Farrans,Pakis
52,Debi,Jago,Vykhino-Zhulebino
53,Bogart,McCarrick,Banjar Dauhpangkung
54,Allyce,Cheel,Pinggan
55,Hailee,Macari,Bauru
56,Cindy,Greenig,Milove
57,Domenic,Jurgenson,Rivera
58,Genevra,Summerson,Grubišno Polje
59,Gray,Tedman,Huibu
60,Mersey,Pacquet,Pag
61,Priscella,Flecknoe,Manghit
62,Rawley,Dimitru,Sihanoukville
63,Waneta,Klais,Jingtan
64,Waylen,Pettigree,Freiburg im Breisgau
65,Sunny,McGrale,São Julião do Tojal
66,Alasteir,Mossdale,Okhtyrka
67,Evvie,Doumerque,Flin Flon
68,Kerry,Denerley,Bar
69,Alf,Arendt,Povarovo
70,Brigham,Tradewell,Lewopao
71,Solomon,Leeds,Bakuriani
72,Bonny,Bazelle,Wenquan
73,Jeanette,Jaggard,Tongjiaxi
74,Cordelie,Le Brun,Malé Svatoňovice
75,Baxter,Oloshin,Argel
76,Janelle,McCray,Panevėžys
77,Libbey,Blackledge,Färjestaden
78,Britteny,Antoshin,Murree
79,Kiri,Churchouse,Independencia
80,Arnie,Wilne,Hujirt
81,Morna,Berrow,Victoria Falls
82,Clarey,Hargate,Makur
83,Jereme,Applewhite,Helsingborg
84,Sandor,Hoyer,Mirów
85,Kilian,Readwing,Besko
86,Claiborn,Sewley,Dongying
87,Dorine,Zorzi,San Isidro
88,Herculie,Rowland,Jatimulyo
89,Meredithe,Hearfield,Shirokaya Rechka
90,Ray,Gwillim,Nanyang
91,Fawnia,Giraudel,Concepción
92,Rosabella,Pingston,Bochum
93,Earle,Curling,Meicheng
94,Raff,Barkhouse,Odessa
95,Joel,Hurdman,Jampang Tengah
96,Maison,Mingo,Pervomaysk
97,Leroy,Syson,Dongxi
98,Tuck,Stife,Luleå
99,Wallis,Lesser,Emporeío
100,Vincents,Allibone,Mogapi
